Team,Actual W/L%,Predicted W/L%,Year
Philadelphia 76ers*,0.646,0.6817772971887299,1990
Boston Celtics*,0.634,0.6490330541959255,1990
New York Knicks*,0.549,0.5596550773030962,1990
Washington Bullets,0.378,0.4342070003265751,1990
Miami Heat,0.22,0.17583029315087736,1990
New Jersey Nets,0.207,0.23442802734693718,1990
Detroit Pistons*,0.72,0.704342172537586,1990
Chicago Bulls*,0.671,0.6215753514006259,1990
Milwaukee Bucks*,0.537,0.4784904759396663,1990
Cleveland Cavaliers*,0.512,0.4922453274230149,1990
Indiana Pacers*,0.512,0.516970955689459,1990
Atlanta Hawks,0.5,0.5417287550756392,1990
Orlando Magic,0.22,0.21185542863141574,1990
San Antonio Spurs*,0.683,0.6119703623153715,1990
Utah Jazz*,0.671,0.6559830542492775,1990
Dallas Mavericks*,0.573,0.48696030126166256,1990
Denver Nuggets*,0.524,0.5510999389680986,1990
Houston Rockets*,0.5,0.5395576255414711,1990
Minnesota Timberwolves,0.268,0.33918994011655323,1990
Charlotte Hornets,0.232,0.22379278018001017,1990
Los Angeles Lakers*,0.768,0.7268526069892913,1990
Portland Trail Blazers*,0.72,0.7096529241050824,1990
Phoenix Suns*,0.659,0.7401857418879099,1990
Seattle SuperSonics,0.5,0.5249873422142282,1990
Golden State Warriors,0.451,0.3988758577952888,1990
Los Angeles Clippers,0.366,0.37455299352558047,1990
Sacramento Kings,0.28,0.31519931464061157,1990
Boston Celtics*,0.683,0.688539859001486,1991
Philadelphia 76ers*,0.537,0.49769657914699683,1991
New York Knicks*,0.476,0.49448129639934724,1991
Washington Bullets,0.366,0.34577587634365325,1991
New Jersey Nets,0.317,0.36176926626462924,1991
Miami Heat,0.293,0.31929912832904617,1991
Chicago Bulls*,0.744,0.7744305213532963,1991
Detroit Pistons*,0.61,0.589260793500638,1991
Milwaukee Bucks*,0.585,0.5714335461903,1991
Atlanta Hawks*,0.524,0.5317958848709756,1991
Indiana Pacers*,0.5,0.4984559798786,1991
Cleveland Cavaliers,0.402,0.41772209650594916,1991
Charlotte Hornets,0.317,0.3406251013559689,1991
San Antonio Spurs*,0.671,0.6355625141510572,1991
Utah Jazz*,0.659,0.5940376168980874,1991
Houston Rockets*,0.634,0.6068360279315644,1991
Orlando Magic,0.378,0.381310588391804,1991
Minnesota Timberwolves,0.354,0.37432845880281274,1991
Dallas Mavericks,0.341,0.351024369899182,1991
Denver Nuggets,0.244,0.20032585988422713,1991
Portland Trail Blazers*,0.768,0.7699238832291175,1991
Los Angeles Lakers*,0.707,0.6923575131694101,1991
Phoenix Suns*,0.671,0.7010411542909575,1991
Golden State Warriors*,0.537,0.5625073255919597,1991
Seattle SuperSonics*,0.5,0.5336277263439648,1991
Los Angeles Clippers,0.378,0.38867696116709477,1991
Sacramento Kings,0.305,0.27815407110786783,1991
Boston Celtics*,0.622,0.6089715866830672,1992
New York Knicks*,0.622,0.6217341509161772,1992
New Jersey Nets*,0.488,0.45252445003001196,1992
Miami Heat*,0.463,0.37428809471529656,1992
Philadelphia 76ers,0.427,0.45665356599340545,1992
Washington Bullets,0.305,0.35638255389846163,1992
Orlando Magic,0.256,0.2936434152402217,1992
Chicago Bulls*,0.817,0.8281483394969149,1992
Cleveland Cavaliers*,0.695,0.673322852910873,1992
Detroit Pistons*,0.585,0.5787826675547846,1992
Indiana Pacers*,0.488,0.5544318280892193,1992
Atlanta Hawks,0.463,0.470976273006715,1992
Milwaukee Bucks,0.378,0.4581840563365914,1992
Charlotte Hornets,0.378,0.3844589878557667,1992
Utah Jazz*,0.671,0.6692015283116587,1992
San Antonio Spurs*,0.573,0.5786050727563635,1992
Houston Rockets,0.512,0.42980030911668016,1992
Denver Nuggets,0.293,0.2569306569462703,1992
Dallas Mavericks,0.268,0.2606681669962583,1992
Minnesota Timberwolves,0.183,0.27628619581357344,1992
Portland Trail Blazers*,0.695,0.7189750371554688,1992
Golden State Warriors*,0.671,0.6106419041874923,1992
Phoenix Suns*,0.646,0.6797179853580453,1992
Seattle SuperSonics*,0.573,0.5641213211686306,1992
Los Angeles Clippers*,0.549,0.5431941652479015,1992
Los Angeles Lakers*,0.524,0.4774794534932549,1992
Sacramento Kings,0.354,0.32087538072090854,1992
New York Knicks*,0.732,0.6988166831408269,1993
Boston Celtics*,0.585,0.528141239073779,1993
New Jersey Nets*,0.524,0.5396065146784276,1993
Orlando Magic,0.5,0.5355255493418762,1993
Miami Heat,0.439,0.4651576210530862,1993
Philadelphia 76ers,0.317,0.3133195642269493,1993
Washington Bullets,0.268,0.2849525025802184,1993
Chicago Bulls*,0.695,0.6859482471326539,1993
Cleveland Cavaliers*,0.659,0.6839138637802968,1993
Charlotte Hornets*,0.537,0.47178036393819667,1993
Atlanta Hawks*,0.524,0.4613692005729507,1993
Indiana Pacers*,0.5,0.5420148872219857,1993
Detroit Pistons,0.488,0.4564516475022612,1993
Milwaukee Bucks,0.341,0.37457413893295394,1993
Houston Rockets*,0.671,0.6499327264991659,1993
San Antonio Spurs*,0.598,0.5983983310611065,1993
Utah Jazz*,0.573,0.581565790721973,1993
Denver Nuggets,0.439,0.4708689920346999,1993
Minnesota Timberwolves,0.232,0.28278417045945264,1993
Dallas Mavericks,0.134,0.05444880946364705,1993
Phoenix Suns*,0.756,0.6962299515809687,1993
Seattle SuperSonics*,0.671,0.7101472161577356,1993
Portland Trail Blazers*,0.622,0.5913924081377944,1993
Los Angeles Clippers*,0.5,0.5048796657664103,1993
Los Angeles Lakers*,0.476,0.4613134382985662,1993
Golden State Warriors,0.415,0.4613872266390026,1993
Sacramento Kings,0.305,0.3960792500029922,1993
New York Knicks*,0.695,0.7002416702491572,1994
Orlando Magic*,0.61,0.6280658721564094,1994
New Jersey Nets*,0.549,0.5730884933112784,1994
Miami Heat*,0.512,0.5771261344316403,1994
Boston Celtics,0.39,0.3526381515805083,1994
Philadelphia 76ers,0.305,0.24739134683420955,1994
Washington Bullets,0.293,0.25871508971226487,1994
Atlanta Hawks*,0.695,0.6612300084070337,1994
Chicago Bulls*,0.671,0.5842875754886785,1994
Indiana Pacers*,0.573,0.6034755751718319,1994
Cleveland Cavaliers*,0.573,0.6102954184947356,1994
Charlotte Hornets,0.5,0.5014926745002781,1994
Milwaukee Bucks,0.244,0.28474428775358995,1994
Detroit Pistons,0.244,0.2453624957613259,1994
Houston Rockets*,0.707,0.6394328553294794,1994
San Antonio Spurs*,0.671,0.6654376977971765,1994
Utah Jazz*,0.646,0.6382856645555919,1994
Denver Nuggets*,0.512,0.5515419574956805,1994
Minnesota Timberwolves,0.244,0.2764198894454812,1994
Dallas Mavericks,0.159,0.22178496159873345,1994
Seattle SuperSonics*,0.768,0.7967148768888193,1994
Phoenix Suns*,0.683,0.6704251234588732,1994
Golden State Warriors*,0.61,0.5722080093163002,1994
Portland Trail Blazers*,0.573,0.5979494685832182,1994
Los Angeles Lakers,0.402,0.3743127893807344,1994
Sacramento Kings,0.341,0.33143986065530434,1994
Los Angeles Clippers,0.329,0.3348920516416784,1994
Orlando Magic*,0.695,0.6914184881719749,1995
New York Knicks*,0.671,0.5818839569946557,1995
Boston Celtics*,0.427,0.4325399716034566,1995
Miami Heat,0.39,0.4292980655473429,1995
New Jersey Nets,0.366,0.37891904480019617,1995
Philadelphia 76ers,0.293,0.3231827519155437,1995
Washington Bullets,0.256,0.3098103887636857,1995
Indiana Pacers*,0.634,0.6000959199894915,1995
Charlotte Hornets*,0.61,0.5797404685730634,1995
Chicago Bulls*,0.573,0.627454586451363,1995
Cleveland Cavaliers*,0.524,0.5134648371990762,1995
Atlanta Hawks*,0.512,0.5262827105236242,1995
Milwaukee Bucks,0.415,0.35617813447513597,1995
Detroit Pistons,0.341,0.2657121076298242,1995
San Antonio Spurs*,0.756,0.698549946514389,1995
Utah Jazz*,0.732,0.7564967481489338,1995
Houston Rockets*,0.573,0.5897181390533961,1995
Denver Nuggets*,0.5,0.5403068371234405,1995
Dallas Mavericks,0.439,0.4401687198325885,1995
Minnesota Timberwolves,0.256,0.25208533664561494,1995
Phoenix Suns*,0.72,0.6348304018598986,1995
Seattle SuperSonics*,0.695,0.7589391766196377,1995
Los Angeles Lakers*,0.585,0.5077011896851703,1995
Portland Trail Blazers*,0.537,0.6264449776234274,1995
Sacramento Kings,0.476,0.4864794959819673,1995
Golden State Warriors,0.317,0.3527288335722047,1995
Los Angeles Clippers,0.207,0.23956876470084532,1995
Orlando Magic*,0.732,0.6873448002984025,1996
New York Knicks*,0.573,0.5715208471464129,1996
Miami Heat*,0.512,0.5445837997021865,1996
Washington Bullets,0.476,0.5366878319784242,1996
Boston Celtics,0.402,0.3899178781470698,1996
New Jersey Nets,0.366,0.3525080165435873,1996
Philadelphia 76ers,0.22,0.18701827583199981,1996
Chicago Bulls*,0.878,0.8948273277934838,1996
Indiana Pacers*,0.634,0.602919570176501,1996
Cleveland Cavaliers*,0.573,0.5711286578073167,1996
Atlanta Hawks*,0.561,0.5450364415502658,1996
Detroit Pistons*,0.561,0.576852425580769,1996
Charlotte Hornets,0.5,0.49079117457248556,1996
Milwaukee Bucks,0.305,0.33817500863969246,1996
Toronto Raptors,0.256,0.25984479888321604,1996
San Antonio Spurs*,0.72,0.6989470336335603,1996
Utah Jazz*,0.671,0.7061617988400152,1996
Houston Rockets*,0.585,0.5535680284617214,1996
Denver Nuggets,0.427,0.41004912535511495,1996
Minnesota Timberwolves,0.317,0.32648489340184433,1996
Dallas Mavericks,0.317,0.35087952203233685,1996
Vancouver Grizzlies,0.183,0.17475341899426916,1996
Seattle SuperSonics*,0.78,0.7464010249783453,1996
Los Angeles Lakers*,0.646,0.641805295960078,1996
Portland Trail Blazers*,0.537,0.5720879818685201,1996
Phoenix Suns*,0.5,0.5142275933729672,1996
Sacramento Kings*,0.476,0.41537967006092225,1996
Golden State Warriors,0.439,0.4558763450695631,1996
Los Angeles Clippers,0.354,0.3852214133189348,1996
Miami Heat*,0.744,0.6895880267384044,1997
New York Knicks*,0.695,0.6091794430475476,1997
Orlando Magic*,0.549,0.48543829259412496,1997
Washington Bullets*,0.537,0.5501084740037658,1997
New Jersey Nets,0.317,0.3281219274633633,1997
Philadelphia 76ers,0.268,0.25897509255913853,1997
Boston Celtics,0.183,0.22948847396771443,1997
Chicago Bulls*,0.841,0.8539855603276855,1997
Atlanta Hawks*,0.683,0.6849555873254627,1997
Detroit Pistons*,0.659,0.6822951659792097,1997
Charlotte Hornets*,0.659,0.5547127233020752,1997
Cleveland Cavaliers,0.512,0.5764727937280938,1997
Indiana Pacers,0.476,0.526694429213624,1997
Milwaukee Bucks,0.402,0.42792262590823016,1997
Toronto Raptors,0.366,0.38635084743573345,1997
Utah Jazz*,0.78,0.8012275175731456,1997
Houston Rockets*,0.695,0.657270839384124,1997
Minnesota Timberwolves*,0.488,0.45705104537233116,1997
Dallas Mavericks,0.293,0.29805345024666796,1997
Denver Nuggets,0.256,0.2858423702771771,1997
San Antonio Spurs,0.244,0.2520265262916294,1997
Vancouver Grizzlies,0.171,0.1702332539578426,1997
Seattle SuperSonics*,0.695,0.7680424947695381,1997
Los Angeles Lakers*,0.683,0.6516314810292524,1997
Portland Trail Blazers*,0.598,0.6504924261946661,1997
Phoenix Suns*,0.488,0.514639597686546,1997
Los Angeles Clippers*,0.439,0.42826071214427275,1997
Sacramento Kings,0.415,0.3902676260511846,1997
Golden State Warriors,0.366,0.33267119542746515,1997
Miami Heat*,0.671,0.6662411797628176,1998
New York Knicks*,0.524,0.5824580743189877,1998
New Jersey Nets*,0.524,0.5411572769875284,1998
Washington Wizards,0.512,0.5106344920129424,1998
Orlando Magic,0.5,0.4576623755404829,1998
Boston Celtics,0.439,0.40222380514660794,1998
Philadelphia 76ers,0.378,0.4127704721152763,1998
Chicago Bulls*,0.756,0.7346877402762159,1998
Indiana Pacers*,0.707,0.701491373369146,1998
Charlotte Hornets*,0.622,0.558929735586636,1998
Atlanta Hawks*,0.61,0.6161798413079215,1998
Cleveland Cavaliers*,0.573,0.5866673146181306,1998
Detroit Pistons,0.451,0.5487516797022468,1998
Milwaukee Bucks,0.439,0.42776286331400387,1998
Toronto Raptors,0.195,0.1731355821890016,1998
Utah Jazz*,0.756,0.7306367842505735,1998
San Antonio Spurs*,0.683,0.6467541851126751,1998
Minnesota Timberwolves*,0.549,0.5274480544379236,1998
Houston Rockets*,0.5,0.4821136879198364,1998
Dallas Mavericks,0.244,0.30155485928484677,1998
Vancouver Grizzlies,0.232,0.2567503192371691,1998
Denver Nuggets,0.134,0.1075977774541988,1998
Seattle SuperSonics*,0.744,0.7510343822557406,1998
Los Angeles Lakers*,0.744,0.763596195048001,1998
Phoenix Suns*,0.683,0.6829612959101022,1998
Portland Trail Blazers*,0.561,0.5562946732941185,1998
Sacramento Kings,0.329,0.3171316023805739,1998
Golden State Warriors,0.232,0.20110833506660863,1998
Los Angeles Clippers,0.207,0.25326404209969977,1998
Miami Heat*,0.66,0.6743884703550673,1999
Orlando Magic*,0.66,0.5920877434989485,1999
Philadelphia 76ers*,0.56,0.5745772257949828,1999
New York Knicks*,0.54,0.5382809771570873,1999
Boston Celtics,0.38,0.43379934483288096,1999
Washington Wizards,0.36,0.4250914490939872,1999
New Jersey Nets,0.32,0.3700209965491116,1999
Indiana Pacers*,0.66,0.6297478587218756,1999
Atlanta Hawks*,0.62,0.6027765769787454,1999
Detroit Pistons*,0.58,0.6226299931451212,1999
Milwaukee Bucks*,0.56,0.558507342718743,1999
Charlotte Hornets,0.52,0.49744751068974397,1999
Toronto Raptors,0.46,0.44226656447256885,1999
Cleveland Cavaliers,0.44,0.4424408856875571,1999
Chicago Bulls,0.26,0.1787672185768992,1999
San Antonio Spurs*,0.74,0.7769778769742773,1999
Utah Jazz*,0.74,0.7214419982261444,1999
Houston Rockets*,0.62,0.5758741187805249,1999
Minnesota Timberwolves*,0.5,0.5084552017844997,1999
Dallas Mavericks,0.38,0.4166706763414192,1999
Denver Nuggets,0.28,0.2705232141289858,1999
Vancouver Grizzlies,0.16,0.20319237296011422,1999
Portland Trail Blazers*,0.7,0.7145044855481315,1999
Los Angeles Lakers*,0.62,0.5989060819299281,1999
Phoenix Suns*,0.54,0.5769154648593394,1999
Sacramento Kings*,0.54,0.48031947840703526,1999
Seattle SuperSonics,0.5,0.46253937692134495,1999
Golden State Warriors,0.42,0.4149002932805379,1999
Los Angeles Clippers,0.18,0.19594920158437779,1999
Miami Heat*,0.634,0.6243419098977147,2000
New York Knicks*,0.61,0.5764239503984618,2000
Philadelphia 76ers*,0.598,0.5629221598077714,2000
Orlando Magic,0.5,0.5110231031314412,2000
Boston Celtics,0.427,0.4626274248827166,2000
New Jersey Nets,0.378,0.4623024900121586,2000
Washington Wizards,0.354,0.3891260804089116,2000
Indiana Pacers*,0.683,0.6413790258241527,2000
Charlotte Hornets*,0.598,0.5861660460275425,2000
Toronto Raptors*,0.549,0.49812467445350583,2000
Detroit Pistons*,0.512,0.521617103604377,2000
Milwaukee Bucks*,0.512,0.4878748978482359,2000
Cleveland Cavaliers,0.39,0.3800358374240622,2000
Atlanta Hawks,0.341,0.3273585226695601,2000
Chicago Bulls,0.207,0.23623438669672958,2000
Utah Jazz*,0.671,0.6619272937811012,2000
San Antonio Spurs*,0.646,0.7160280082780012,2000
Minnesota Timberwolves*,0.61,0.5815330180906138,2000
Dallas Mavericks,0.488,0.4580826064100011,2000
Denver Nuggets,0.427,0.4179800060953319,2000
Houston Rockets,0.415,0.46098811149408836,2000
Vancouver Grizzlies,0.268,0.3217057849495374,2000
Los Angeles Lakers*,0.817,0.7797203195587349,2000
Portland Trail Blazers*,0.72,0.7268925840746069,2000
Phoenix Suns*,0.646,0.6740045421125594,2000
Seattle SuperSonics*,0.549,0.5260297937270515,2000
Sacramento Kings*,0.537,0.5657287040824163,2000
Golden State Warriors,0.232,0.21888209418406523,2000
Los Angeles Clippers,0.183,0.12493952007452624,2000
Philadelphia 76ers*,0.683,0.6423310978484682,2001
Miami Heat*,0.61,0.5703301600186352,2001
New York Knicks*,0.585,0.5800824706865215,2001
Orlando Magic*,0.524,0.5327817525400015,2001
Boston Celtics,0.439,0.4240939657168618,2001
New Jersey Nets,0.317,0.3264996638291323,2001
Washington Wizards,0.232,0.2710269143578634,2001
Milwaukee Bucks*,0.634,0.6301055776894218,2001
Toronto Raptors*,0.573,0.574152936756383,2001
Charlotte Hornets*,0.561,0.5654751573882646,2001
Indiana Pacers*,0.5,0.48837995653029664,2001
Detroit Pistons,0.39,0.4408719948769916,2001
Cleveland Cavaliers,0.366,0.35100488296333987,2001
Atlanta Hawks,0.305,0.3185634901333171,2001
Chicago Bulls,0.183,0.18543864616471586,2001
San Antonio Spurs*,0.707,0.7666385560600509,2001
Utah Jazz*,0.646,0.6630900175516626,2001
Dallas Mavericks*,0.646,0.6522561532711876,2001
Minnesota Timberwolves*,0.573,0.5489666490938617,2001
Houston Rockets,0.549,0.5822895296646597,2001
Denver Nuggets,0.488,0.42312047530026403,2001
Vancouver Grizzlies,0.28,0.30539909866704873,2001
Los Angeles Lakers*,0.683,0.621943601897615,2001
Sacramento Kings*,0.671,0.7039140879820498,2001
Phoenix Suns*,0.622,0.5764707550180485,2001
Portland Trail Blazers*,0.61,0.6448781047668922,2001
Seattle SuperSonics,0.537,0.5050491646403512,2001
Los Angeles Clippers,0.378,0.40629362708296457,2001
Golden State Warriors,0.207,0.19755151150313444,2001
New Jersey Nets*,0.634,0.6407023019370587,2002
Boston Celtics*,0.598,0.5810359870237898,2002
Orlando Magic*,0.537,0.5569561779964562,2002
Philadelphia 76ers*,0.524,0.5541027403147201,2002
Washington Wizards,0.451,0.4575088328567778,2002
Miami Heat,0.439,0.4552994120387754,2002
New York Knicks,0.366,0.3745861760458935,2002
Detroit Pistons*,0.61,0.5720095380433573,2002
Charlotte Hornets*,0.537,0.5374566086434538,2002
Toronto Raptors*,0.512,0.4907179489480683,2002
Indiana Pacers*,0.512,0.5151999284277567,2002
Milwaukee Bucks,0.5,0.5003572187032289,2002
Atlanta Hawks,0.402,0.3651389753215398,2002
Cleveland Cavaliers,0.354,0.3987655755408176,2002
Chicago Bulls,0.256,0.2298638347201391,2002
San Antonio Spurs*,0.707,0.6946765260985823,2002
Dallas Mavericks*,0.695,0.6317781661067117,2002
Minnesota Timberwolves*,0.61,0.600690365622556,2002
Utah Jazz*,0.537,0.5235232439171478,2002
Houston Rockets,0.341,0.33500320911610176,2002
Denver Nuggets,0.329,0.30623645804247207,2002
Memphis Grizzlies,0.28,0.25430528679885106,2002
Sacramento Kings*,0.744,0.7420969498481067,2002
Los Angeles Lakers*,0.707,0.7294942922602281,2002
Portland Trail Blazers*,0.598,0.5868697352251862,2002
Seattle SuperSonics*,0.549,0.5913963651326555,2002
Los Angeles Clippers,0.476,0.4823721543179774,2002
Phoenix Suns,0.439,0.47135460754926445,2002
Golden State Warriors,0.256,0.3205013834023356,2002
New Jersey Nets*,0.598,0.6682160399717825,2003
Philadelphia 76ers*,0.585,0.5756102220489059,2003
Boston Celtics*,0.537,0.48225017371910905,2003
Orlando Magic*,0.512,0.5088576746389925,2003
Washington Wizards,0.451,0.46089103390187036,2003
New York Knicks,0.451,0.45960574147388,2003
Miami Heat,0.305,0.32293061495544567,2003
Detroit Pistons*,0.61,0.6099907055618405,2003
Indiana Pacers*,0.585,0.6136773782293994,2003
New Orleans Hornets*,0.573,0.5638446372141059,2003
Milwaukee Bucks*,0.512,0.5139181921327796,2003
Atlanta Hawks,0.427,0.3862977066986976,2003
Chicago Bulls,0.366,0.3371829412035739,2003
Toronto Raptors,0.293,0.3041374476446955,2003
Cleveland Cavaliers,0.207,0.1875464682333911,2003
San Antonio Spurs*,0.732,0.6726648987647874,2003
Dallas Mavericks*,0.732,0.762267873623687,2003
Minnesota Timberwolves*,0.622,0.5720878027775645,2003
Utah Jazz*,0.573,0.5753060142711317,2003
Houston Rockets,0.524,0.5450376920110487,2003
Memphis Grizzlies,0.341,0.4026047721382222,2003
Denver Nuggets,0.207,0.21903400751767127,2003
Sacramento Kings*,0.72,0.7185640527517654,2003
Los Angeles Lakers*,0.61,0.5858752981706803,2003
Portland Trail Blazers*,0.61,0.5857298395291727,2003
Phoenix Suns*,0.537,0.535518707469231,2003
Seattle SuperSonics,0.488,0.487921675789982,2003
Golden State Warriors,0.463,0.4752879925232568,2003
Los Angeles Clippers,0.329,0.3671423950333431,2003
New Jersey Nets*,0.573,0.583914098812027,2004
Miami Heat*,0.512,0.5182544299561727,2004
New York Knicks*,0.476,0.44682163024907073,2004
Boston Celtics*,0.439,0.44597567477950173,2004
Philadelphia 76ers,0.402,0.4169176908492769,2004
Washington Wizards,0.305,0.3067464340632385,2004
Orlando Magic,0.256,0.25610530225746564,2004
Indiana Pacers*,0.744,0.6935213378247267,2004
Detroit Pistons*,0.659,0.6956702018328687,2004
New Orleans Hornets*,0.5,0.4936695447227524,2004
Milwaukee Bucks*,0.5,0.5251990080051168,2004
Cleveland Cavaliers,0.427,0.40837131813102945,2004
Toronto Raptors,0.402,0.4000654948457495,2004
Atlanta Hawks,0.341,0.33809297399490207,2004
Chicago Bulls,0.28,0.2859734205891577,2004
Minnesota Timberwolves*,0.707,0.686713941251664,2004
San Antonio Spurs*,0.695,0.7500588090959146,2004
Dallas Mavericks*,0.634,0.6417082716915979,2004
Memphis Grizzlies*,0.61,0.5827846852265794,2004
Houston Rockets*,0.549,0.568803077355573,2004
Denver Nuggets*,0.524,0.5379166842720534,2004
Utah Jazz,0.512,0.46898174602865006,2004
Los Angeles Lakers*,0.683,0.6316915277321842,2004
Sacramento Kings*,0.671,0.6642471737443036,2004
Portland Trail Blazers,0.5,0.46391101217177744,2004
Golden State Warriors,0.451,0.48106380029878315,2004
Seattle SuperSonics,0.451,0.47787513600691967,2004
Phoenix Suns,0.354,0.3787573720657543,2004
Los Angeles Clippers,0.341,0.34818820214520263,2004
Boston Celtics*,0.549,0.5497114322522928,2005
Philadelphia 76ers*,0.524,0.4813303936077675,2005
New Jersey Nets*,0.512,0.4419741133832208,2005
Toronto Raptors,0.402,0.448562755603485,2005
New York Knicks,0.402,0.422811323097808,2005
Detroit Pistons*,0.659,0.6331115392524541,2005
Chicago Bulls*,0.573,0.5409871197732975,2005
Indiana Pacers*,0.537,0.5251052178612139,2005
Cleveland Cavaliers,0.512,0.5360160387316292,2005
Milwaukee Bucks,0.366,0.3978590558093231,2005
Miami Heat*,0.72,0.7479538254196463,2005
Washington Wizards*,0.549,0.5039635340709647,2005
Orlando Magic,0.439,0.42913325548850595,2005
Charlotte Bobcats,0.22,0.2937082642016854,2005
Atlanta Hawks,0.159,0.14750712440084043,2005
Seattle SuperSonics*,0.634,0.579317970110549,2005
Denver Nuggets*,0.598,0.571128280332275,2005
Minnesota Timberwolves,0.537,0.5481781728675137,2005
Portland Trail Blazers,0.329,0.34343973720421145,2005
Utah Jazz,0.317,0.33304147575721993,2005
Phoenix Suns*,0.756,0.7751813217788599,2005
Sacramento Kings*,0.61,0.5793764840928404,2005
Los Angeles Clippers,0.451,0.46422285285116294,2005
Los Angeles Lakers,0.415,0.3879729293547311,2005
Golden State Warriors,0.415,0.41950794701615784,2005
San Antonio Spurs*,0.72,0.7692921501625604,2005
Dallas Mavericks*,0.707,0.7071884086638152,2005
Houston Rockets*,0.622,0.6361318795637803,2005
Memphis Grizzlies*,0.549,0.5671548305829499,2005
New Orleans Hornets,0.22,0.22213056670727918,2005
New Jersey Nets*,0.598,0.544334679135539,2006
Philadelphia 76ers,0.463,0.41383612600823433,2006
Boston Celtics,0.402,0.4379885954660324,2006
Toronto Raptors,0.329,0.3765429677863165,2006
New York Knicks,0.28,0.276009207680747,2006
Detroit Pistons*,0.78,0.7219755672309709,2006
Cleveland Cavaliers*,0.61,0.577009898949542,2006
Indiana Pacers*,0.5,0.5628072047393333,2006
Chicago Bulls*,0.5,0.5150186642992258,2006
Milwaukee Bucks*,0.488,0.4577966707446451,2006
Miami Heat*,0.634,0.617937983494502,2006
Washington Wizards*,0.512,0.5391905996799304,2006
Orlando Magic,0.439,0.45719099339071584,2006
Charlotte Bobcats,0.317,0.35993369073426396,2006
Atlanta Hawks,0.317,0.33051608173386315,2006
Denver Nuggets*,0.537,0.5069503649515015,2006
Utah Jazz,0.5,0.42355669643337085,2006
Seattle SuperSonics,0.427,0.38209085118483366,2006
Minnesota Timberwolves,0.402,0.45305198387783197,2006
Portland Trail Blazers,0.256,0.2072931080675544,2006
Phoenix Suns*,0.659,0.667056142325448,2006
Los Angeles Clippers*,0.573,0.5657513053726788,2006
Los Angeles Lakers*,0.549,0.5862713256570014,2006
Sacramento Kings*,0.537,0.5537753784511465,2006
Golden State Warriors,0.415,0.45873947396591436,2006
San Antonio Spurs*,0.768,0.7457104359733537,2006
Dallas Mavericks*,0.732,0.7108625879700241,2006
Memphis Grizzlies*,0.598,0.6498688578068502,2006
New Orleans/Oklahoma City Hornets,0.463,0.42471710404271334,2006
Houston Rockets,0.415,0.4762154528459097,2006
Toronto Raptors*,0.573,0.5308320848124682,2007
New Jersey Nets*,0.5,0.4757844500058801,2007
Philadelphia 76ers,0.427,0.3981189521661491,2007
New York Knicks,0.402,0.4071041605675044,2007
Boston Celtics,0.293,0.3876208288083644,2007
Detroit Pistons*,0.646,0.6359800600408378,2007
Cleveland Cavaliers*,0.61,0.6257819306991736,2007
Chicago Bulls*,0.598,0.6617737686083789,2007
Indiana Pacers,0.427,0.42072086436982636,2007
Milwaukee Bucks,0.341,0.3579678028822195,2007
Miami Heat*,0.537,0.46976779214595776,2007
Washington Wizards*,0.5,0.47813026029723954,2007
Orlando Magic*,0.488,0.5249655226457418,2007
Charlotte Bobcats,0.402,0.37768118185215654,2007
Atlanta Hawks,0.366,0.3458993821795314,2007
Utah Jazz*,0.622,0.5946634618460197,2007
Denver Nuggets*,0.549,0.5539826002856253,2007
Portland Trail Blazers,0.39,0.36132225935612816,2007
Minnesota Timberwolves,0.39,0.38360495760021773,2007
Seattle SuperSonics,0.378,0.40601205915612243,2007
Phoenix Suns*,0.744,0.7366010653356811,2007
Los Angeles Lakers*,0.512,0.49660791460051135,2007
Golden State Warriors*,0.512,0.4863713453719122,2007
Los Angeles Clippers,0.488,0.4852863742993499,2007
Sacramento Kings,0.402,0.4416496439129869,2007
Dallas Mavericks*,0.817,0.7356277500693794,2007
San Antonio Spurs*,0.707,0.7747957624634351,2007
Houston Rockets*,0.634,0.6610169635662329,2007
New Orleans/Oklahoma City Hornets,0.476,0.44917634235588044,2007
Memphis Grizzlies,0.268,0.33415245769907487,2007
Boston Celtics*,0.805,0.8017488798422913,2008
Toronto Raptors*,0.5,0.5824859487868077,2008
Philadelphia 76ers*,0.488,0.5129313726424739,2008
New Jersey Nets,0.415,0.3449555991572684,2008
New York Knicks,0.28,0.2984795707247203,2008
Detroit Pistons*,0.72,0.7211475630424038,2008
Cleveland Cavaliers*,0.549,0.49094799560418345,2008
Indiana Pacers,0.439,0.4425200997146975,2008
Chicago Bulls,0.402,0.40482200132708857,2008
Milwaukee Bucks,0.317,0.28770981213494545,2008
Orlando Magic*,0.634,0.6531863806766411,2008
Washington Wizards*,0.524,0.485118551869577,2008
Atlanta Hawks*,0.451,0.4381515939169961,2008
Charlotte Bobcats,0.39,0.3657651322333879,2008
Miami Heat,0.183,0.2433612316992958,2008
Utah Jazz*,0.659,0.7068873772771738,2008
Denver Nuggets*,0.61,0.6025761118639783,2008
Portland Trail Blazers,0.5,0.48450681310602084,2008
Minnesota Timberwolves,0.268,0.3027523744080413,2008
Seattle SuperSonics,0.244,0.24179833055662908,2008
Los Angeles Lakers*,0.695,0.7177696817953829,2008
Phoenix Suns*,0.671,0.6470968300721183,2008
Golden State Warriors,0.585,0.5578455324260171,2008
Sacramento Kings,0.463,0.4327678900168049,2008
Los Angeles Clippers,0.28,0.29304270871509847,2008
New Orleans Hornets*,0.683,0.6672704556037753,2008
San Antonio Spurs*,0.683,0.6612021299290151,2008
Houston Rockets*,0.671,0.6533413169801845,2008
Dallas Mavericks*,0.622,0.6436302421252855,2008
Memphis Grizzlies,0.268,0.3131804717516961,2008
Boston Celtics*,0.756,0.7587114248473867,2009
Philadelphia 76ers*,0.5,0.5032837422493924,2009
New Jersey Nets,0.415,0.4159095107072732,2009
Toronto Raptors,0.402,0.38584440865712316,2009
New York Knicks,0.39,0.3950406694857835,2009
Cleveland Cavaliers*,0.805,0.8143011418380063,2009
Chicago Bulls*,0.5,0.4820151380491461,2009
Detroit Pistons*,0.476,0.4818042988737668,2009
Indiana Pacers,0.439,0.44321325653686094,2009
Milwaukee Bucks,0.415,0.45345246044273235,2009
Orlando Magic*,0.72,0.730590273744738,2009
Atlanta Hawks*,0.573,0.5521531316173391,2009
Miami Heat*,0.524,0.5034835025538373,2009
Charlotte Bobcats,0.427,0.4567740299986697,2009
Washington Wizards,0.232,0.23174342903499945,2009
Denver Nuggets*,0.659,0.6252965343599418,2009
Portland Trail Blazers*,0.659,0.6956438601714559,2009
Utah Jazz*,0.585,0.6073910208707785,2009
Minnesota Timberwolves,0.293,0.32755100944904414,2009
Oklahoma City Thunder,0.28,0.29173507531634923,2009
Los Angeles Lakers*,0.793,0.7766427386705894,2009
Phoenix Suns,0.561,0.5702655466069712,2009
Golden State Warriors,0.354,0.3713973716224659,2009
Los Angeles Clippers,0.232,0.18880519309355548,2009
Sacramento Kings,0.207,0.19808916101701063,2009
San Antonio Spurs*,0.659,0.6447646525860058,2009
Houston Rockets*,0.646,0.6506862340736368,2009
Dallas Mavericks*,0.61,0.573922738339255,2009
New Orleans Hornets*,0.598,0.5592483913641849,2009
Memphis Grizzlies,0.293,0.31324005382181846,2009
Boston Celtics*,0.61,0.6208702988932698,2010
Toronto Raptors,0.488,0.4318489042342619,2010
New York Knicks,0.354,0.3573216064111441,2010
Philadelphia 76ers,0.329,0.36437150337238056,2010
New Jersey Nets,0.146,0.19300500849027796,2010
Cleveland Cavaliers*,0.744,0.7168832072096177,2010
Milwaukee Bucks*,0.561,0.5520241364534904,2010
Chicago Bulls*,0.5,0.44543043340165295,2010
Indiana Pacers,0.39,0.39024867343708347,2010
Detroit Pistons,0.329,0.32952976189075417,2010
Orlando Magic*,0.72,0.7497847043504271,2010
Atlanta Hawks*,0.646,0.6560994976277428,2010
Miami Heat*,0.573,0.5751170297546018,2010
Charlotte Bobcats*,0.537,0.5517975268433517,2010
Washington Wizards,0.317,0.3378338444290334,2010
Denver Nuggets*,0.646,0.6402838403632077,2010
Utah Jazz*,0.646,0.6843627029216129,2010
Portland Trail Blazers*,0.61,0.6150958375126708,2010
Oklahoma City Thunder*,0.61,0.6242989301595775,2010
Minnesota Timberwolves,0.183,0.18168342480441985,2010
Los Angeles Lakers*,0.695,0.6674501042738336,2010
Phoenix Suns*,0.659,0.655331144647544,2010
Los Angeles Clippers,0.354,0.2922257705230878,2010
Golden State Warriors,0.317,0.37511508664692306,2010
Sacramento Kings,0.305,0.35668557311193816,2010
Dallas Mavericks*,0.671,0.5925367110028199,2010
San Antonio Spurs*,0.61,0.6782086104931601,2010
Houston Rockets,0.512,0.49691062759956917,2010
Memphis Grizzlies,0.488,0.448774046841635,2010
New Orleans Hornets,0.451,0.4198714522989085,2010
Boston Celtics*,0.683,0.6828513361317424,2011
New York Knicks*,0.512,0.4911847214761865,2011
Philadelphia 76ers*,0.5,0.5373375871182189,2011
New Jersey Nets,0.293,0.2951305900870177,2011
Toronto Raptors,0.268,0.27733094831496463,2011
Chicago Bulls*,0.756,0.7355726393932104,2011
Indiana Pacers*,0.451,0.44935160782021444,2011
Milwaukee Bucks,0.427,0.4912631439609098,2011
Detroit Pistons,0.366,0.374027466107682,2011
Cleveland Cavaliers,0.232,0.19779340276068136,2011
Miami Heat*,0.707,0.7310099214049711,2011
Orlando Magic*,0.634,0.6761551528978957,2011
Atlanta Hawks*,0.537,0.47691580153569446,2011
Charlotte Bobcats,0.415,0.37702931773724857,2011
Washington Wizards,0.28,0.2476136080921445,2011
Oklahoma City Thunder*,0.671,0.6169129529898922,2011
Denver Nuggets*,0.61,0.6427445774572306,2011
Portland Trail Blazers*,0.585,0.5785820156839612,2011
Utah Jazz,0.476,0.4498524864142041,2011
Minnesota Timberwolves,0.207,0.28204771806211215,2011
Los Angeles Lakers*,0.695,0.7074486199918228,2011
Phoenix Suns,0.488,0.4643089782179382,2011
Golden State Warriors,0.439,0.41493004246115645,2011
Los Angeles Clippers,0.39,0.4074586019669929,2011
Sacramento Kings,0.293,0.3298723156497053,2011
San Antonio Spurs*,0.744,0.6944244778293127,2011
Dallas Mavericks*,0.695,0.6555272412358133,2011
New Orleans Hornets*,0.561,0.5633963199745585,2011
Memphis Grizzlies*,0.561,0.5902376093837367,2011
Houston Rockets,0.524,0.5616887978427794,2011
Boston Celtics*,0.591,0.5735344444875337,2012
New York Knicks*,0.545,0.5892671060977046,2012
Philadelphia 76ers*,0.53,0.6231447771804621,2012
Toronto Raptors,0.348,0.3901591761575846,2012
New Jersey Nets,0.333,0.3066683955976942,2012
Chicago Bulls*,0.758,0.7455283506925294,2012
Indiana Pacers*,0.636,0.595598862174199,2012
Milwaukee Bucks,0.47,0.5042526143198861,2012
Detroit Pistons,0.379,0.3430874365664681,2012
Cleveland Cavaliers,0.318,0.2717588823603966,2012
Miami Heat*,0.697,0.6852474757133742,2012
Atlanta Hawks*,0.606,0.597936368354626,2012
Orlando Magic*,0.561,0.5201643160746156,2012
Washington Wizards,0.303,0.3447537137834485,2012
Charlotte Bobcats,0.106,0.060694696504072165,2012
Oklahoma City Thunder*,0.712,0.6993842749834521,2012
Denver Nuggets*,0.576,0.596793910965949,2012
Utah Jazz*,0.545,0.5257430417985981,2012
Portland Trail Blazers,0.424,0.4859280419573007,2012
Minnesota Timberwolves,0.394,0.43604544083843133,2012
Los Angeles Lakers*,0.621,0.5506158945254902,2012
Los Angeles Clippers*,0.606,0.582321672362487,2012
Phoenix Suns,0.5,0.5001985235871994,2012
Golden State Warriors,0.348,0.4012518830626296,2012
Sacramento Kings,0.333,0.3333016574062473,2012
San Antonio Spurs*,0.758,0.7290506387857809,2012
Memphis Grizzlies*,0.621,0.5669510606232562,2012
Dallas Mavericks*,0.545,0.5400512209128001,2012
Houston Rockets,0.515,0.5111984185418516,2012
New Orleans Hornets,0.318,0.38636770358393785,2012
New York Knicks*,0.659,0.6424413002869939,2013
Brooklyn Nets*,0.598,0.5627082348636048,2013
Boston Celtics*,0.506,0.4962484765101904,2013
Philadelphia 76ers,0.415,0.39623552105722704,2013
Toronto Raptors,0.415,0.45232278544213866,2013
Indiana Pacers*,0.605,0.6386983744766119,2013
Chicago Bulls*,0.549,0.5163205594109644,2013
Milwaukee Bucks*,0.463,0.45003245633993916,2013
Detroit Pistons,0.354,0.3749853577118991,2013
Cleveland Cavaliers,0.293,0.3458201520066236,2013
Miami Heat*,0.805,0.7597979659525436,2013
Atlanta Hawks*,0.537,0.5183025757958132,2013
Washington Wizards,0.354,0.4194382910732736,2013
Charlotte Bobcats,0.256,0.1957631619542176,2013
Orlando Magic,0.244,0.27186526007343254,2013
Oklahoma City Thunder*,0.732,0.7975416846338423,2013
Denver Nuggets*,0.695,0.6561562461269531,2013
Utah Jazz,0.524,0.49553567198241166,2013
Portland Trail Blazers,0.402,0.39219156511450776,2013
Minnesota Timberwolves,0.378,0.421124449196273,2013
Los Angeles Clippers*,0.683,0.7129617571364981,2013
Golden State Warriors*,0.573,0.5251371665778385,2013
Los Angeles Lakers*,0.549,0.5343903995300487,2013
Sacramento Kings,0.341,0.33267273594312763,2013
Phoenix Suns,0.305,0.2883816674252992,2013
San Antonio Spurs*,0.707,0.7065176909687155,2013
Memphis Grizzlies*,0.683,0.6409732263649521,2013
Houston Rockets*,0.549,0.6068800878384155,2013
Dallas Mavericks,0.5,0.47551751329047887,2013
New Orleans Hornets,0.329,0.3760376649151996,2013
Toronto Raptors*,0.585,0.6034537723918496,2014
Brooklyn Nets*,0.537,0.4687779944062199,2014
New York Knicks,0.451,0.47502338171687114,2014
Boston Celtics,0.305,0.3589461149221249,2014
Philadelphia 76ers,0.232,0.14987071473758262,2014
Indiana Pacers*,0.683,0.656046587291841,2014
Chicago Bulls*,0.585,0.582081177769816,2014
Cleveland Cavaliers,0.402,0.39200155798107317,2014
Detroit Pistons,0.354,0.3703021294505091,2014
Milwaukee Bucks,0.183,0.23843737836800083,2014
Miami Heat*,0.659,0.6522786990885028,2014
Washington Wizards*,0.537,0.5369636177190952,2014
Charlotte Bobcats*,0.524,0.5001974187065963,2014
Atlanta Hawks*,0.463,0.4793025046647804,2014
Orlando Magic,0.28,0.3249249285479223,2014
Oklahoma City Thunder*,0.72,0.7021193789989966,2014
Portland Trail Blazers*,0.659,0.6184562434967542,2014
Minnesota Timberwolves,0.488,0.5733051068936597,2014
Denver Nuggets,0.439,0.4243548015921864,2014
Utah Jazz,0.305,0.28538190000858943,2014
Los Angeles Clippers*,0.695,0.7144422309065148,2014
Golden State Warriors*,0.622,0.6551643009235453,2014
Phoenix Suns,0.585,0.5782345307390315,2014
Sacramento Kings,0.341,0.4115607487597671,2014
Los Angeles Lakers,0.329,0.2917447716705167,2014
San Antonio Spurs*,0.756,0.7516863023431722,2014
Houston Rockets*,0.659,0.6380260978262913,2014
Memphis Grizzlies*,0.61,0.5741779308909724,2014
Dallas Mavericks*,0.598,0.5736967762751758,2014
New Orleans Pelicans,0.415,0.42004090091204366,2014
Toronto Raptors*,0.598,0.5969592959734041,2015
Boston Celtics*,0.488,0.5023676265167827,2015
Brooklyn Nets*,0.463,0.4033714543535817,2015
Philadelphia 76ers,0.22,0.20589901406547062,2015
New York Knicks,0.207,0.19540228825081907,2015
Cleveland Cavaliers*,0.646,0.6452205222212174,2015
Chicago Bulls*,0.61,0.6019357762275229,2015
Milwaukee Bucks*,0.5,0.5187049421155074,2015
Indiana Pacers,0.463,0.5164166792093818,2015
Detroit Pistons,0.39,0.4681921168987119,2015
Atlanta Hawks*,0.732,0.6811153616520715,2015
Washington Wizards*,0.561,0.5273337448632418,2015
Miami Heat,0.451,0.42209746602521003,2015
Charlotte Hornets,0.402,0.4058714890465702,2015
Orlando Magic,0.305,0.31152607982745345,2015
Portland Trail Blazers*,0.622,0.6399008244336001,2015
Oklahoma City Thunder,0.549,0.5670894345502073,2015
Utah Jazz,0.463,0.5202949955336302,2015
Denver Nuggets,0.366,0.3746281222471768,2015
Minnesota Timberwolves,0.195,0.20287354296737903,2015
Golden State Warriors*,0.817,0.8271453600284068,2015
Los Angeles Clippers*,0.683,0.7137866298346854,2015
Phoenix Suns,0.476,0.46330686200360427,2015
Sacramento Kings,0.354,0.3684919246099054,2015
Los Angeles Lakers,0.256,0.26733834459030986,2015
Houston Rockets*,0.683,0.6095147344130656,2015
Memphis Grizzlies*,0.671,0.6167841409724277,2015
San Antonio Spurs*,0.671,0.7086222451963511,2015
Dallas Mavericks*,0.61,0.588808870357529,2015
New Orleans Pelicans*,0.549,0.5300001110147693,2015
Toronto Raptors*,0.683,0.6467750288764039,2016
Boston Celtics*,0.585,0.6056590143837173,2016
New York Knicks,0.39,0.41434545143021545,2016
Brooklyn Nets,0.256,0.262485016155919,2016
Philadelphia 76ers,0.122,0.173715112246083,2016
Cleveland Cavaliers*,0.695,0.6958641548776503,2016
Indiana Pacers*,0.549,0.5546396377049242,2016
Detroit Pistons*,0.537,0.5207487232707068,2016
Chicago Bulls,0.512,0.4521062551300278,2016
Milwaukee Bucks,0.402,0.36435923960364136,2016
Miami Heat*,0.585,0.5512405044327202,2016
Atlanta Hawks*,0.585,0.6151425524429271,2016
Charlotte Hornets*,0.585,0.5891803233558122,2016
Washington Wizards,0.5,0.48464010789642287,2016
Orlando Magic,0.427,0.4502830311895971,2016
Oklahoma City Thunder*,0.671,0.7346496401391784,2016
Portland Trail Blazers*,0.537,0.5240875528276445,2016
Utah Jazz,0.488,0.5556561391893265,2016
Denver Nuggets,0.402,0.39900096603046886,2016
Minnesota Timberwolves,0.354,0.384015215228343,2016
Golden State Warriors*,0.89,0.8484232785066024,2016
Los Angeles Clippers*,0.646,0.6382362042843691,2016
Sacramento Kings,0.402,0.420053635294729,2016
Phoenix Suns,0.28,0.288242563617572,2016
Los Angeles Lakers,0.207,0.18853971902593852,2016
San Antonio Spurs*,0.817,0.8387693273206085,2016
Dallas Mavericks*,0.512,0.4877126626164954,2016
Memphis Grizzlies*,0.512,0.429263807466962,2016
Houston Rockets*,0.5,0.5016191108896242,2016
New Orleans Pelicans,0.366,0.3775460245653947,2016
Boston Celtics*,0.646,0.5830276753261235,2017
Toronto Raptors*,0.622,0.6413142874629885,2017
New York Knicks,0.378,0.3909357860030839,2017
Philadelphia 76ers,0.341,0.3309886331752309,2017
Brooklyn Nets,0.244,0.2953743440962657,2017
Cleveland Cavaliers*,0.622,0.5939228729605259,2017
Milwaukee Bucks*,0.512,0.5001236882420761,2017
Indiana Pacers*,0.512,0.5018494690120515,2017
Chicago Bulls*,0.5,0.5260300149616455,2017
Detroit Pistons,0.451,0.46912832585632525,2017
Washington Wizards*,0.598,0.5588650316420655,2017
Atlanta Hawks*,0.524,0.4852573514315052,2017
Miami Heat,0.5,0.5416841367310193,2017
Charlotte Hornets,0.439,0.5113796376395316,2017
Orlando Magic,0.354,0.30749246634890925,2017
Utah Jazz*,0.622,0.6225465436305072,2017
Oklahoma City Thunder*,0.573,0.517547592724515,2017
Portland Trail Blazers*,0.5,0.4728654399482806,2017
Denver Nuggets,0.488,0.5055609919835506,2017
Minnesota Timberwolves,0.378,0.45837032258992816,2017
Golden State Warriors*,0.817,0.8486535288506618,2017
Los Angeles Clippers*,0.622,0.6262770344607563,2017
Sacramento Kings,0.39,0.37297583634186315,2017
Los Angeles Lakers,0.317,0.27933665827762766,2017
Phoenix Suns,0.293,0.31852407127615867,2017
San Antonio Spurs*,0.744,0.7217466038144258,2017
Houston Rockets*,0.671,0.662037272355861,2017
Memphis Grizzlies*,0.524,0.5125375764573374,2017
New Orleans Pelicans,0.415,0.429954020290491,2017
Dallas Mavericks,0.402,0.4126927861086771,2017
Toronto Raptors*,0.72,0.7582240294694746,2018
Boston Celtics*,0.671,0.6076941323782981,2018
Philadelphia 76ers*,0.634,0.6464711579710225,2018
New York Knicks,0.354,0.3944234307834598,2018
Brooklyn Nets,0.341,0.39351784119535577,2018
Cleveland Cavaliers*,0.61,0.55792765044913,2018
Indiana Pacers*,0.585,0.5447909827786268,2018
Milwaukee Bucks*,0.537,0.49673701258758607,2018
Detroit Pistons,0.476,0.4938260598983012,2018
Chicago Bulls,0.329,0.2758382004746291,2018
Miami Heat*,0.537,0.5165317303541568,2018
Washington Wizards*,0.524,0.5198319938400708,2018
Charlotte Hornets,0.439,0.5159275253739357,2018
Orlando Magic,0.305,0.35695498438050793,2018
Atlanta Hawks,0.293,0.331826339470081,2018
Portland Trail Blazers*,0.598,0.5710136339894534,2018
Oklahoma City Thunder*,0.585,0.6072528941465531,2018
Utah Jazz*,0.585,0.6083319992729483,2018
Minnesota Timberwolves*,0.573,0.5671121030790212,2018
Denver Nuggets,0.561,0.5517185577176463,2018
Golden State Warriors*,0.707,0.7019351065826394,2018
Los Angeles Clippers,0.512,0.5026862942179761,2018
Los Angeles Lakers,0.427,0.4601773936866897,2018
Sacramento Kings,0.329,0.25995526205005504,2018
Phoenix Suns,0.256,0.20116740213820278,2018
Houston Rockets*,0.793,0.7725107908001607,2018
New Orleans Pelicans*,0.585,0.5476616712928489,2018
San Antonio Spurs*,0.573,0.5702902856439902,2018
Dallas Mavericks,0.293,0.382858198858254,2018
Memphis Grizzlies,0.268,0.2848053351189648,2018
Toronto Raptors*,0.707,0.67737292230842,2019
Philadelphia 76ers*,0.622,0.5850668746586216,2019
Boston Celtics*,0.598,0.6283584166585594,2019
Brooklyn Nets*,0.512,0.49989588913134525,2019
New York Knicks,0.207,0.22677967980313757,2019
Milwaukee Bucks*,0.732,0.7640290809132742,2019
Indiana Pacers*,0.585,0.5893150256316771,2019
Detroit Pistons*,0.5,0.48476279591681287,2019
Chicago Bulls,0.268,0.24737906507012328,2019
Cleveland Cavaliers,0.232,0.21538671422560113,2019
Orlando Magic*,0.512,0.5140291568613403,2019
Charlotte Hornets,0.476,0.46864627155922967,2019
Miami Heat,0.476,0.4852346724867098,2019
Washington Wizards,0.39,0.4239337198340535,2019
Atlanta Hawks,0.354,0.3309110187445373,2019
Denver Nuggets*,0.659,0.6124036939521569,2019
Portland Trail Blazers*,0.646,0.6251954141265726,2019
Utah Jazz*,0.61,0.6484930270022236,2019
Oklahoma City Thunder*,0.598,0.6022975715925836,2019
Minnesota Timberwolves,0.439,0.4589759181757799,2019
Golden State Warriors*,0.695,0.6965406831546099,2019
Los Angeles Clippers*,0.585,0.5293318282831365,2019
Sacramento Kings,0.476,0.47381152709302976,2019
Los Angeles Lakers,0.451,0.452287239724939,2019
Phoenix Suns,0.232,0.22822845181970552,2019
Houston Rockets*,0.646,0.6409311463286075,2019
San Antonio Spurs*,0.585,0.5491614320682822,2019
Memphis Grizzlies,0.402,0.41146459541286645,2019
New Orleans Pelicans,0.402,0.46744115990403834,2019
Dallas Mavericks,0.402,0.46133500755803003,2019
Toronto Raptors*,0.736,0.69755009630338,2020
Boston Celtics*,0.667,0.6854017358694278,2020
Philadelphia 76ers*,0.589,0.5847613426445805,2020
Brooklyn Nets*,0.486,0.46241122638718635,2020
New York Knicks,0.318,0.3075723549210243,2020
Milwaukee Bucks*,0.767,0.7743243950398722,2020
Indiana Pacers*,0.616,0.5711568206340396,2020
Chicago Bulls,0.338,0.39139090807140653,2020
Detroit Pistons,0.303,0.37611610686258545,2020
Cleveland Cavaliers,0.292,0.26549107451601694,2020
Miami Heat*,0.603,0.5863633900131733,2020
Orlando Magic*,0.452,0.49872678918655555,2020
Charlotte Hornets,0.354,0.31613790169819944,2020
Washington Wizards,0.347,0.29839954782989153,2020
Atlanta Hawks,0.299,0.234387233850736,2020
Denver Nuggets*,0.63,0.5855742463617409,2020
Oklahoma City Thunder*,0.611,0.591419061151721,2020
Utah Jazz*,0.611,0.5903292240784677,2020
Portland Trail Blazers*,0.473,0.45922746205707277,2020
Minnesota Timberwolves,0.297,0.35154905942410464,2020
Los Angeles Lakers*,0.732,0.7080933083257488,2020
Los Angeles Clippers*,0.681,0.7003430232378179,2020
Phoenix Suns,0.466,0.5085710776152171,2020
Sacramento Kings,0.431,0.45845662921200003,2020
Golden State Warriors,0.231,0.25968522955513396,2020
Houston Rockets*,0.611,0.5675374282843318,2020
Dallas Mavericks*,0.573,0.6323255338288172,2020
Memphis Grizzlies,0.466,0.4638006422759007,2020
San Antonio Spurs,0.451,0.4637986987590582,2020
New Orleans Pelicans,0.417,0.4570984520048006,2020
Philadelphia 76ers*,0.681,0.6472491533000759,2021
Brooklyn Nets*,0.667,0.6078060068445501,2021
New York Knicks*,0.569,0.562825491157071,2021
Boston Celtics*,0.5,0.5352293493236762,2021
Toronto Raptors,0.375,0.47817887787673774,2021
Milwaukee Bucks*,0.639,0.642949706827777,2021
Indiana Pacers,0.472,0.4859046327874186,2021
Chicago Bulls,0.431,0.471243381974326,2021
Cleveland Cavaliers,0.306,0.2766734749456498,2021
Detroit Pistons,0.278,0.3797060271680594,2021
Atlanta Hawks*,0.569,0.5550669502136346,2021
Miami Heat*,0.556,0.49583651138512175,2021
Washington Wizards*,0.472,0.44025171364138344,2021
Charlotte Hornets,0.458,0.44261424857544385,2021
Orlando Magic,0.292,0.2500854201655174,2021
Utah Jazz*,0.722,0.7545187673720521,2021
Denver Nuggets*,0.653,0.6332231491211487,2021
Portland Trail Blazers*,0.583,0.5494924241572898,2021
Minnesota Timberwolves,0.319,0.3565372200508434,2021
Oklahoma City Thunder,0.306,0.22364137724054417,2021
Phoenix Suns*,0.708,0.6607797674324396,2021
Los Angeles Clippers*,0.653,0.6707991506891771,2021
Los Angeles Lakers*,0.583,0.5894252987568476,2021
Golden State Warriors,0.542,0.5350563834171999,2021
Sacramento Kings,0.431,0.4044158287797105,2021
Dallas Mavericks*,0.583,0.5699343819805405,2021
Memphis Grizzlies*,0.528,0.5333499128063384,2021
San Antonio Spurs,0.458,0.45842193639442713,2021
New Orleans Pelicans,0.431,0.49471891863493306,2021
Houston Rockets,0.236,0.2950645369800614,2021
Boston Celtics*,0.622,0.7031462428900507,2022
Philadelphia 76ers*,0.622,0.5727326689120118,2022
Toronto Raptors*,0.585,0.5634680404788528,2022
Brooklyn Nets*,0.537,0.5189348922157443,2022
New York Knicks,0.451,0.5009736929774575,2022
Milwaukee Bucks*,0.622,0.5901139246965101,2022
Chicago Bulls*,0.561,0.4875797726352057,2022
Cleveland Cavaliers,0.537,0.5620102107860915,2022
Indiana Pacers,0.305,0.40357325492388935,2022
Detroit Pistons,0.28,0.29072107768085836,2022
Miami Heat*,0.646,0.6241009366014595,2022
Atlanta Hawks*,0.524,0.5364845470011722,2022
Charlotte Hornets,0.524,0.5033985715433619,2022
Washington Wizards,0.427,0.40665335025141425,2022
Orlando Magic,0.268,0.2833657269762324,2022
Utah Jazz*,0.598,0.6660210459984033,2022
Denver Nuggets*,0.585,0.5627319175408864,2022
Minnesota Timberwolves*,0.561,0.5660312934369288,2022
Portland Trail Blazers,0.329,0.25593321923727463,2022
Oklahoma City Thunder,0.293,0.2831657774331344,2022
Phoenix Suns*,0.78,0.7091581768277542,2022
Golden State Warriors*,0.646,0.6502457800410932,2022
Los Angeles Clippers,0.512,0.5014075763803177,2022
Los Angeles Lakers,0.402,0.41709963039206144,2022
Sacramento Kings,0.366,0.3459046557947139,2022
Memphis Grizzlies*,0.683,0.6553545774481552,2022
Dallas Mavericks*,0.634,0.5964908182694041,2022
New Orleans Pelicans*,0.439,0.47182336013614307,2022
San Antonio Spurs,0.415,0.505081360611793,2022
Houston Rockets,0.244,0.26429389988162705,2022
